train_on,test_on,n_train,n_test,accuracy
IMDB,IMDB,25000,25000,0.89392
Yelp,Yelp,22177,22232,0.9381522130262684
IMDB,Yelp,25000,22232,0.9034724721122706
Yelp,IMDB,22177,25000,0.68672
